lambda,beta,value,loglambda
152.4433847046034,beta1,0,5.026793279279261
152.4433847046034,beta2,0,5.026793279279261
152.4433847046034,beta3,0,5.026793279279261
152.4433847046034,beta4,0,5.026793279279261
152.4433847046034,beta5,0,5.026793279279261
152.4433847046034,beta6,0,5.026793279279261
152.4433847046034,beta7,0,5.026793279279261
152.4433847046034,beta8,0,5.026793279279261
152.4433847046034,beta9,0,5.026793279279261
152.4433847046034,beta10,0,5.026793279279261
152.4433847046034,beta11,0,5.026793279279261
152.4433847046034,beta12,0,5.026793279279261
152.4433847046034,beta13,0,5.026793279279261
152.4433847046034,beta14,0,5.026793279279261
152.4433847046034,beta15,0,5.026793279279261
152.4433847046034,beta16,0,5.026793279279261
152.4433847046034,beta17,0,5.026793279279261
152.4433847046034,beta18,0,5.026793279279261
152.4433847046034,beta19,0,5.026793279279261
152.4433847046034,beta20,0,5.026793279279261
152.4433847046034,beta21,0,5.026793279279261
152.4433847046034,beta22,0,5.026793279279261
152.4433847046034,beta23,0,5.026793279279261
152.4433847046034,beta24,0,5.026793279279261
152.4433847046034,beta25,0,5.026793279279261
152.4433847046034,beta26,0,5.026793279279261
152.4433847046034,beta27,0,5.026793279279261
152.4433847046034,beta28,0,5.026793279279261
152.4433847046034,beta29,0.21260054075611692,5.026793279279261
152.4433847046034,beta30,0,5.026793279279261
152.4433847046034,beta31,0,5.026793279279261
127.39149056786597,beta1,0,4.84726494787643
127.39149056786597,beta2,0,4.84726494787643
127.39149056786597,beta3,0,4.84726494787643
127.39149056786597,beta4,0,4.84726494787643
127.39149056786597,beta5,0,4.84726494787643
127.39149056786597,beta6,0,4.84726494787643
127.39149056786597,beta7,0,4.84726494787643
127.39149056786597,beta8,0,4.84726494787643
127.39149056786597,beta9,0,4.84726494787643
127.39149056786597,beta10,0,4.84726494787643
127.39149056786597,beta11,0,4.84726494787643
127.39149056786597,beta12,0,4.84726494787643
127.39149056786597,beta13,0,4.84726494787643
127.39149056786597,beta14,0,4.84726494787643
127.39149056786597,beta15,0,4.84726494787643
127.39149056786597,beta16,0,4.84726494787643
127.39149056786597,beta17,0,4.84726494787643
127.39149056786597,beta18,0,4.84726494787643
127.39149056786597,beta19,0,4.84726494787643
127.39149056786597,beta20,0,4.84726494787643
127.39149056786597,beta21,0,4.84726494787643
127.39149056786597,beta22,0.0010560408282830527,4.84726494787643
127.39149056786597,beta23,0,4.84726494787643
127.39149056786597,beta24,0.12017977665283265,4.84726494787643
127.39149056786597,beta25,0,4.84726494787643
127.39149056786597,beta26,0,4.84726494787643
127.39149056786597,beta27,0,4.84726494787643
127.39149056786597,beta28,0,4.84726494787643
127.39149056786597,beta29,0.35069184480312804,4.84726494787643
127.39149056786597,beta30,0,4.84726494787643
127.39149056786597,beta31,0,4.84726494787643
106.45651761504494,beta1,0,4.667736616473599
106.45651761504494,beta2,0,4.667736616473599
106.45651761504494,beta3,0,4.667736616473599
106.45651761504494,beta4,0,4.667736616473599
106.45651761504494,beta5,0,4.667736616473599
106.45651761504494,beta6,0,4.667736616473599
106.45651761504494,beta7,0,4.667736616473599
106.45651761504494,beta8,0,4.667736616473599
106.45651761504494,beta9,0,4.667736616473599
106.45651761504494,beta10,0,4.667736616473599
106.45651761504494,beta11,0,4.667736616473599
106.45651761504494,beta12,0,4.667736616473599
106.45651761504494,beta13,0,4.667736616473599
106.45651761504494,beta14,0,4.667736616473599
106.45651761504494,beta15,0,4.667736616473599
106.45651761504494,beta16,0,4.667736616473599
106.45651761504494,beta17,0,4.667736616473599
106.45651761504494,beta18,0,4.667736616473599
106.45651761504494,beta19,0,4.667736616473599
106.45651761504494,beta20,0,4.667736616473599
106.45651761504494,beta21,0,4.667736616473599
106.45651761504494,beta22,0.018754270997622842,4.667736616473599
106.45651761504494,beta23,0,4.667736616473599
106.45651761504494,beta24,0.23627451453537604,4.667736616473599
106.45651761504494,beta25,0,4.667736616473599
106.45651761504494,beta26,0,4.667736616473599
106.45651761504494,beta27,0,4.667736616473599
106.45651761504494,beta28,0,4.667736616473599
106.45651761504494,beta29,0.465134723301578,4.667736616473599
106.45651761504494,beta30,0,4.667736616473599
106.45651761504494,beta31,0,4.667736616473599
88.96190861888769,beta1,0,4.488208285070769
88.96190861888769,beta2,0,4.488208285070769
88.96190861888769,beta3,0,4.488208285070769
88.96190861888769,beta4,0,4.488208285070769
88.96190861888769,beta5,0,4.488208285070769
88.96190861888769,beta6,0,4.488208285070769
88.96190861888769,beta7,0,4.488208285070769
88.96190861888769,beta8,0,4.488208285070769
88.96190861888769,beta9,0,4.488208285070769
88.96190861888769,beta10,0,4.488208285070769
88.96190861888769,beta11,0,4.488208285070769
88.96190861888769,beta12,0,4.488208285070769
88.96190861888769,beta13,0,4.488208285070769
88.96190861888769,beta14,0,4.488208285070769
88.96190861888769,beta15,0,4.488208285070769
88.96190861888769,beta16,0,4.488208285070769
88.96190861888769,beta17,0,4.488208285070769
88.96190861888769,beta18,0,4.488208285070769
88.96190861888769,beta19,0,4.488208285070769
88.96190861888769,beta20,0,4.488208285070769
88.96190861888769,beta21,0,4.488208285070769
88.96190861888769,beta22,0.1646146836584778,4.488208285070769
88.96190861888769,beta23,0,4.488208285070769
88.96190861888769,beta24,0.22341715339172938,4.488208285070769
88.96190861888769,beta25,0,4.488208285070769
88.96190861888769,beta26,0,4.488208285070769
88.96190861888769,beta27,0,4.488208285070769
88.96190861888769,beta28,0,4.488208285070769
88.96190861888769,beta29,0.5769463076043972,4.488208285070769
88.96190861888769,beta30,0,4.488208285070769
88.96190861888769,beta31,0,4.488208285070769
74.34228887454084,beta1,0,4.308679953667938
74.34228887454084,beta2,0,4.308679953667938
74.34228887454084,beta3,0,4.308679953667938
74.34228887454084,beta4,0,4.308679953667938
74.34228887454084,beta5,0,4.308679953667938
74.34228887454084,beta6,0,4.308679953667938
74.34228887454084,beta7,0,4.308679953667938
74.34228887454084,beta8,0,4.308679953667938
74.34228887454084,beta9,0.0348553008060334,4.308679953667938
74.34228887454084,beta10,0,4.308679953667938
74.34228887454084,beta11,0,4.308679953667938
74.34228887454084,beta12,0,4.308679953667938
74.34228887454084,beta13,0,4.308679953667938
74.34228887454084,beta14,0,4.308679953667938
74.34228887454084,beta15,0,4.308679953667938
74.34228887454084,beta16,0,4.308679953667938
74.34228887454084,beta17,0,4.308679953667938
74.34228887454084,beta18,0,4.308679953667938
74.34228887454084,beta19,0,4.308679953667938
74.34228887454084,beta20,0,4.308679953667938
74.34228887454084,beta21,0,4.308679953667938
74.34228887454084,beta22,0.3355539403734821,4.308679953667938
74.34228887454084,beta23,0,4.308679953667938
74.34228887454084,beta24,0.18184282173230154,4.308679953667938
74.34228887454084,beta25,0,4.308679953667938
74.34228887454084,beta26,0,4.308679953667938
74.34228887454084,beta27,0,4.308679953667938
74.34228887454084,beta28,0,4.308679953667938
74.34228887454084,beta29,0.6592174482734017,4.308679953667938
74.34228887454084,beta30,0,4.308679953667938
74.34228887454084,beta31,0,4.308679953667938
62.12519493913238,beta1,0,4.129151622265107
62.12519493913238,beta2,0,4.129151622265107
62.12519493913238,beta3,0,4.129151622265107
62.12519493913238,beta4,0,4.129151622265107
62.12519493913238,beta5,0,4.129151622265107
62.12519493913238,beta6,0,4.129151622265107
62.12519493913238,beta7,0,4.129151622265107
62.12519493913238,beta8,0,4.129151622265107
62.12519493913238,beta9,0.2236050824788603,4.129151622265107
62.12519493913238,beta10,0,4.129151622265107
62.12519493913238,beta11,0,4.129151622265107
62.12519493913238,beta12,0,4.129151622265107
62.12519493913238,beta13,0,4.129151622265107
62.12519493913238,beta14,0,4.129151622265107
62.12519493913238,beta15,0,4.129151622265107
62.12519493913238,beta16,0,4.129151622265107
62.12519493913238,beta17,0,4.129151622265107
62.12519493913238,beta18,0,4.129151622265107
62.12519493913238,beta19,0,4.129151622265107
62.12519493913238,beta20,0,4.129151622265107
62.12519493913238,beta21,0,4.129151622265107
62.12519493913238,beta22,0.4070253343758376,4.129151622265107
62.12519493913238,beta23,0,4.129151622265107
62.12519493913238,beta24,0.17561667337646159,4.129151622265107
62.12519493913238,beta25,0,4.129151622265107
62.12519493913238,beta26,0,4.129151622265107
62.12519493913238,beta27,0,4.129151622265107
62.12519493913238,beta28,0,4.129151622265107
62.12519493913238,beta29,0.6520659755969042,4.129151622265107
62.12519493913238,beta30,0,4.129151622265107
62.12519493913238,beta31,0,4.129151622265107
51.91580599217913,beta1,0,3.9496232908622764
51.91580599217913,beta2,0,3.9496232908622764
51.91580599217913,beta3,0,3.9496232908622764
51.91580599217913,beta4,0,3.9496232908622764
51.91580599217913,beta5,0,3.9496232908622764
51.91580599217913,beta6,0,3.9496232908622764
51.91580599217913,beta7,0,3.9496232908622764
51.91580599217913,beta8,0,3.9496232908622764
51.91580599217913,beta9,0.19721965655623547,3.9496232908622764
51.91580599217913,beta10,0,3.9496232908622764
51.91580599217913,beta11,0,3.9496232908622764
51.91580599217913,beta12,0,3.9496232908622764
51.91580599217913,beta13,0,3.9496232908622764
51.91580599217913,beta14,0,3.9496232908622764
51.91580599217913,beta15,0,3.9496232908622764
51.91580599217913,beta16,0,3.9496232908622764
51.91580599217913,beta17,0,3.9496232908622764
51.91580599217913,beta18,0,3.9496232908622764
51.91580599217913,beta19,0,3.9496232908622764
51.91580599217913,beta20,0,3.9496232908622764
51.91580599217913,beta21,0,3.9496232908622764
51.91580599217913,beta22,0.6801882855693228,3.9496232908622764
51.91580599217913,beta23,0.0420957398628472,3.9496232908622764
51.91580599217913,beta24,0.08393238793415823,3.9496232908622764
51.91580599217913,beta25,0,3.9496232908622764
51.91580599217913,beta26,0,3.9496232908622764
51.91580599217913,beta27,0,3.9496232908622764
51.91580599217913,beta28,0,3.9496232908622764
51.91580599217913,beta29,0.7365709900791436,3.9496232908622764
51.91580599217913,beta30,0,3.9496232908622764
51.91580599217913,beta31,0,3.9496232908622764
43.384184378950835,beta1,0,3.7700949594594455
43.384184378950835,beta2,0,3.7700949594594455
43.384184378950835,beta3,0.0010983677410025137,3.7700949594594455
43.384184378950835,beta4,0,3.7700949594594455
43.384184378950835,beta5,0,3.7700949594594455
43.384184378950835,beta6,0,3.7700949594594455
43.384184378950835,beta7,0,3.7700949594594455
43.384184378950835,beta8,0,3.7700949594594455
43.384184378950835,beta9,0.38567742680685557,3.7700949594594455
43.384184378950835,beta10,0,3.7700949594594455
43.384184378950835,beta11,0,3.7700949594594455
43.384184378950835,beta12,0,3.7700949594594455
43.384184378950835,beta13,0,3.7700949594594455
43.384184378950835,beta14,0,3.7700949594594455
43.384184378950835,beta15,0,3.7700949594594455
43.384184378950835,beta16,0,3.7700949594594455
43.384184378950835,beta17,0,3.7700949594594455
43.384184378950835,beta18,0,3.7700949594594455
43.384184378950835,beta19,0,3.7700949594594455
43.384184378950835,beta20,0,3.7700949594594455
43.384184378950835,beta21,0,3.7700949594594455
43.384184378950835,beta22,0.7791412368630996,3.7700949594594455
43.384184378950835,beta23,0.1155588532301487,3.7700949594594455
43.384184378950835,beta24,0.04297855825871343,3.7700949594594455
43.384184378950835,beta25,0,3.7700949594594455
43.384184378950835,beta26,0,3.7700949594594455
43.384184378950835,beta27,0,3.7700949594594455
43.384184378950835,beta28,0,3.7700949594594455
43.384184378950835,beta29,0.7071121678547886,3.7700949594594455
43.384184378950835,beta30,0,3.7700949594594455
43.384184378950835,beta31,0,3.7700949594594455
36.25461298839017,beta1,0,3.5905666280566146
36.25461298839017,beta2,0,3.5905666280566146
36.25461298839017,beta3,0.006523377791671126,3.5905666280566146
36.25461298839017,beta4,0,3.5905666280566146
36.25461298839017,beta5,0,3.5905666280566146
36.25461298839017,beta6,0,3.5905666280566146
36.25461298839017,beta7,0,3.5905666280566146
36.25461298839017,beta8,0,3.5905666280566146
36.25461298839017,beta9,0.5418748830117874,3.5905666280566146
36.25461298839017,beta10,0,3.5905666280566146
36.25461298839017,beta11,0,3.5905666280566146
36.25461298839017,beta12,0,3.5905666280566146
36.25461298839017,beta13,0,3.5905666280566146
36.25461298839017,beta14,0,3.5905666280566146
36.25461298839017,beta15,0,3.5905666280566146
36.25461298839017,beta16,0,3.5905666280566146
36.25461298839017,beta17,0,3.5905666280566146
36.25461298839017,beta18,0,3.5905666280566146
36.25461298839017,beta19,0,3.5905666280566146
36.25461298839017,beta20,0,3.5905666280566146
36.25461298839017,beta21,0,3.5905666280566146
36.25461298839017,beta22,0.9322210844463985,3.5905666280566146
36.25461298839017,beta23,0.1924328374483867,3.5905666280566146
36.25461298839017,beta24,0.0025933714284604595,3.5905666280566146
36.25461298839017,beta25,0,3.5905666280566146
36.25461298839017,beta26,0,3.5905666280566146
36.25461298839017,beta27,0,3.5905666280566146
36.25461298839017,beta28,0,3.5905666280566146
36.25461298839017,beta29,0.6745158646388637,3.5905666280566146
36.25461298839017,beta30,0,3.5905666280566146
36.25461298839017,beta31,0,3.5905666280566146
30.29668488076197,beta1,-0.0406101082749036,3.4110382966537838
30.29668488076197,beta2,0,3.4110382966537838
30.29668488076197,beta3,0,3.4110382966537838
30.29668488076197,beta4,0,3.4110382966537838
30.29668488076197,beta5,0,3.4110382966537838
30.29668488076197,beta6,0,3.4110382966537838
30.29668488076197,beta7,0,3.4110382966537838
30.29668488076197,beta8,0,3.4110382966537838
30.29668488076197,beta9,0.49003912200309047,3.4110382966537838
30.29668488076197,beta10,0,3.4110382966537838
30.29668488076197,beta11,0,3.4110382966537838
30.29668488076197,beta12,0,3.4110382966537838
30.29668488076197,beta13,0,3.4110382966537838
30.29668488076197,beta14,0,3.4110382966537838
30.29668488076197,beta15,0,3.4110382966537838
30.29668488076197,beta16,0,3.4110382966537838
30.29668488076197,beta17,0,3.4110382966537838
30.29668488076197,beta18,0,3.4110382966537838
30.29668488076197,beta19,0,3.4110382966537838
30.29668488076197,beta20,0,3.4110382966537838
30.29668488076197,beta21,0,3.4110382966537838
30.29668488076197,beta22,1.1313878288739028,3.4110382966537838
30.29668488076197,beta23,0.271400216350095,3.4110382966537838
30.29668488076197,beta24,0,3.4110382966537838
30.29668488076197,beta25,0,3.4110382966537838
30.29668488076197,beta26,0,3.4110382966537838
30.29668488076197,beta27,0,3.4110382966537838
30.29668488076197,beta28,0,3.4110382966537838
30.29668488076197,beta29,0.7613645173505008,3.4110382966537838
30.29668488076197,beta30,0,3.4110382966537838
30.29668488076197,beta31,0,3.4110382966537838
25.317857207802142,beta1,-0.0931505053028369,3.2315099652509534
25.317857207802142,beta2,0,3.2315099652509534
25.317857207802142,beta3,0,3.2315099652509534
25.317857207802142,beta4,0,3.2315099652509534
25.317857207802142,beta5,0,3.2315099652509534
25.317857207802142,beta6,0,3.2315099652509534
25.317857207802142,beta7,0,3.2315099652509534
25.317857207802142,beta8,0,3.2315099652509534
25.317857207802142,beta9,0.5582520202850076,3.2315099652509534
25.317857207802142,beta10,0,3.2315099652509534
25.317857207802142,beta11,0,3.2315099652509534
25.317857207802142,beta12,0,3.2315099652509534
25.317857207802142,beta13,0,3.2315099652509534
25.317857207802142,beta14,0,3.2315099652509534
25.317857207802142,beta15,0,3.2315099652509534
25.317857207802142,beta16,0,3.2315099652509534
25.317857207802142,beta17,0,3.2315099652509534
25.317857207802142,beta18,0,3.2315099652509534
25.317857207802142,beta19,0,3.2315099652509534
25.317857207802142,beta20,0,3.2315099652509534
25.317857207802142,beta21,0,3.2315099652509534
25.317857207802142,beta22,1.2513719585570746,3.2315099652509534
25.317857207802142,beta23,0.3441339549173075,3.2315099652509534
25.317857207802142,beta24,0,3.2315099652509534
25.317857207802142,beta25,0,3.2315099652509534
25.317857207802142,beta26,0,3.2315099652509534
25.317857207802142,beta27,0,3.2315099652509534
25.317857207802142,beta28,0,3.2315099652509534
25.317857207802142,beta29,0.7973509547188308,3.2315099652509534
25.317857207802142,beta30,0,3.2315099652509534
25.317857207802142,beta31,0,3.2315099652509534
21.1572287897968,beta1,-0.13989253401613194,3.0519816338481225
21.1572287897968,beta2,0,3.0519816338481225
21.1572287897968,beta3,0,3.0519816338481225
21.1572287897968,beta4,0,3.0519816338481225
21.1572287897968,beta5,0,3.0519816338481225
21.1572287897968,beta6,0,3.0519816338481225
21.1572287897968,beta7,0,3.0519816338481225
21.1572287897968,beta8,0,3.0519816338481225
21.1572287897968,beta9,0.6189663541477929,3.0519816338481225
21.1572287897968,beta10,0,3.0519816338481225
21.1572287897968,beta11,0,3.0519816338481225
21.1572287897968,beta12,0,3.0519816338481225
21.1572287897968,beta13,0,3.0519816338481225
21.1572287897968,beta14,0,3.0519816338481225
21.1572287897968,beta15,0,3.0519816338481225
21.1572287897968,beta16,0,3.0519816338481225
21.1572287897968,beta17,0,3.0519816338481225
21.1572287897968,beta18,0,3.0519816338481225
21.1572287897968,beta19,0,3.0519816338481225
21.1572287897968,beta20,0,3.0519816338481225
21.1572287897968,beta21,0,3.0519816338481225
21.1572287897968,beta22,1.4016661141993292,3.0519816338481225
21.1572287897968,beta23,0.4137000177875946,3.0519816338481225
21.1572287897968,beta24,0,3.0519816338481225
21.1572287897968,beta25,0,3.0519816338481225
21.1572287897968,beta26,0.02979726465328164,3.0519816338481225
21.1572287897968,beta27,0,3.0519816338481225
21.1572287897968,beta28,0,3.0519816338481225
21.1572287897968,beta29,0.8023718815249682,3.0519816338481225
21.1572287897968,beta30,0.0073591625552541185,3.0519816338481225
21.1572287897968,beta31,0,3.0519816338481225
17.680340259043014,beta1,-0.1765424845027825,2.8724533024452916
17.680340259043014,beta2,0,2.8724533024452916
17.680340259043014,beta3,0,2.8724533024452916
17.680340259043014,beta4,0,2.8724533024452916
17.680340259043014,beta5,0,2.8724533024452916
17.680340259043014,beta6,0,2.8724533024452916
17.680340259043014,beta7,0,2.8724533024452916
17.680340259043014,beta8,0,2.8724533024452916
17.680340259043014,beta9,0.7260032702276087,2.8724533024452916
17.680340259043014,beta10,0,2.8724533024452916
17.680340259043014,beta11,0,2.8724533024452916
17.680340259043014,beta12,0.05074938959151569,2.8724533024452916
17.680340259043014,beta13,0,2.8724533024452916
17.680340259043014,beta14,0,2.8724533024452916
17.680340259043014,beta15,0,2.8724533024452916
17.680340259043014,beta16,0,2.8724533024452916
17.680340259043014,beta17,0,2.8724533024452916
17.680340259043014,beta18,0,2.8724533024452916
17.680340259043014,beta19,0,2.8724533024452916
17.680340259043014,beta20,0,2.8724533024452916
17.680340259043014,beta21,0,2.8724533024452916
17.680340259043014,beta22,1.5215086433207263,2.8724533024452916
17.680340259043014,beta23,0.4829811027065596,2.8724533024452916
17.680340259043014,beta24,0,2.8724533024452916
17.680340259043014,beta25,0,2.8724533024452916
17.680340259043014,beta26,0.06542815509287744,2.8724533024452916
17.680340259043014,beta27,0,2.8724533024452916
17.680340259043014,beta28,0,2.8724533024452916
17.680340259043014,beta29,0.7558442322134984,2.8724533024452916
17.680340259043014,beta30,0.048005968170498944,2.8724533024452916
17.680340259043014,beta31,0,2.8724533024452916
14.774828725503403,beta1,-0.2006020330622702,2.692924971042461
14.774828725503403,beta2,0,2.692924971042461
14.774828725503403,beta3,0,2.692924971042461
14.774828725503403,beta4,0,2.692924971042461
14.774828725503403,beta5,0,2.692924971042461
14.774828725503403,beta6,0,2.692924971042461
14.774828725503403,beta7,0,2.692924971042461
14.774828725503403,beta8,0,2.692924971042461
14.774828725503403,beta9,0.6109884630544365,2.692924971042461
14.774828725503403,beta10,0,2.692924971042461
14.774828725503403,beta11,0,2.692924971042461
14.774828725503403,beta12,0.16374356647982888,2.692924971042461
14.774828725503403,beta13,0,2.692924971042461
14.774828725503403,beta14,0,2.692924971042461
14.774828725503403,beta15,0,2.692924971042461
14.774828725503403,beta16,0,2.692924971042461
14.774828725503403,beta17,0,2.692924971042461
14.774828725503403,beta18,0,2.692924971042461
14.774828725503403,beta19,0,2.692924971042461
14.774828725503403,beta20,0,2.692924971042461
14.774828725503403,beta21,0,2.692924971042461
14.774828725503403,beta22,1.7267707187467565,2.692924971042461
14.774828725503403,beta23,0.5379045842085448,2.692924971042461
14.774828725503403,beta24,0,2.692924971042461
14.774828725503403,beta25,0,2.692924971042461
14.774828725503403,beta26,0.14416473754313094,2.692924971042461
14.774828725503403,beta27,0,2.692924971042461
14.774828725503403,beta28,0,2.692924971042461
14.774828725503403,beta29,0.8031572281179947,2.692924971042461
14.774828725503403,beta30,0.07638201656464125,2.692924971042461
14.774828725503403,beta31,0,2.692924971042461
12.346796536130471,beta1,-0.22066253018137172,2.5133966396396303
12.346796536130471,beta2,0,2.5133966396396303
12.346796536130471,beta3,0,2.5133966396396303
12.346796536130471,beta4,0,2.5133966396396303
12.346796536130471,beta5,0,2.5133966396396303
12.346796536130471,beta6,0,2.5133966396396303
12.346796536130471,beta7,0,2.5133966396396303
12.346796536130471,beta8,0,2.5133966396396303
12.346796536130471,beta9,0.58648171156029,2.5133966396396303
12.346796536130471,beta10,0,2.5133966396396303
12.346796536130471,beta11,0,2.5133966396396303
12.346796536130471,beta12,0.27589796322959137,2.5133966396396303
12.346796536130471,beta13,0,2.5133966396396303
12.346796536130471,beta14,0,2.5133966396396303
12.346796536130471,beta15,0,2.5133966396396303
12.346796536130471,beta16,0,2.5133966396396303
12.346796536130471,beta17,0,2.5133966396396303
12.346796536130471,beta18,0,2.5133966396396303
12.346796536130471,beta19,0,2.5133966396396303
12.346796536130471,beta20,0,2.5133966396396303
12.346796536130471,beta21,0,2.5133966396396303
12.346796536130471,beta22,1.890503028717216,2.5133966396396303
12.346796536130471,beta23,0.6000720100727638,2.5133966396396303
12.346796536130471,beta24,0,2.5133966396396303
12.346796536130471,beta25,0,2.5133966396396303
12.346796536130471,beta26,0.20115055892263842,2.5133966396396303
12.346796536130471,beta27,0,2.5133966396396303
12.346796536130471,beta28,0,2.5133966396396303
12.346796536130471,beta29,0.8258087334651527,2.5133966396396303
12.346796536130471,beta30,0.10836761244792231,2.5133966396396303
12.346796536130471,beta31,0,2.5133966396396303
10.317776776759853,beta1,-0.23577054651932536,2.3338683082367995
10.317776776759853,beta2,0,2.3338683082367995
10.317776776759853,beta3,0,2.3338683082367995
10.317776776759853,beta4,0,2.3338683082367995
10.317776776759853,beta5,0,2.3338683082367995
10.317776776759853,beta6,0,2.3338683082367995
10.317776776759853,beta7,0,2.3338683082367995
10.317776776759853,beta8,0,2.3338683082367995
10.317776776759853,beta9,0.5633264600648502,2.3338683082367995
10.317776776759853,beta10,0,2.3338683082367995
10.317776776759853,beta11,0,2.3338683082367995
10.317776776759853,beta12,0.3916374973999126,2.3338683082367995
10.317776776759853,beta13,0,2.3338683082367995
10.317776776759853,beta14,0,2.3338683082367995
10.317776776759853,beta15,0,2.3338683082367995
10.317776776759853,beta16,0,2.3338683082367995
10.317776776759853,beta17,0,2.3338683082367995
10.317776776759853,beta18,0,2.3338683082367995
10.317776776759853,beta19,0,2.3338683082367995
10.317776776759853,beta20,0,2.3338683082367995
10.317776776759853,beta21,0,2.3338683082367995
10.317776776759853,beta22,2.0601756810109686,2.3338683082367995
10.317776776759853,beta23,0.6632550419979805,2.3338683082367995
10.317776776759853,beta24,0,2.3338683082367995
10.317776776759853,beta25,0,2.3338683082367995
10.317776776759853,beta26,0.2581403697255445,2.3338683082367995
10.317776776759853,beta27,0,2.3338683082367995
10.317776776759853,beta28,0,2.3338683082367995
10.317776776759853,beta29,0.8532754432744938,2.3338683082367995
10.317776776759853,beta30,0.1390243333142957,2.3338683082367995
10.317776776759853,beta31,0,2.3338683082367995
8.622197450449669,beta1,-0.24711431300224523,2.1543399768339686
8.622197450449669,beta2,0,2.1543399768339686
8.622197450449669,beta3,0.04288940725424867,2.1543399768339686
8.622197450449669,beta4,0,2.1543399768339686
8.622197450449669,beta5,0,2.1543399768339686
8.622197450449669,beta6,0,2.1543399768339686
8.622197450449669,beta7,0,2.1543399768339686
8.622197450449669,beta8,0,2.1543399768339686
8.622197450449669,beta9,0.5327087532406586,2.1543399768339686
8.622197450449669,beta10,0,2.1543399768339686
8.622197450449669,beta11,0,2.1543399768339686
8.622197450449669,beta12,0.5069161103093639,2.1543399768339686
8.622197450449669,beta13,0,2.1543399768339686
8.622197450449669,beta14,0,2.1543399768339686
8.622197450449669,beta15,0,2.1543399768339686
8.622197450449669,beta16,0,2.1543399768339686
8.622197450449669,beta17,0,2.1543399768339686
8.622197450449669,beta18,0,2.1543399768339686
8.622197450449669,beta19,0,2.1543399768339686
8.622197450449669,beta20,0,2.1543399768339686
8.622197450449669,beta21,0,2.1543399768339686
8.622197450449669,beta22,2.2371743460396996,2.1543399768339686
8.622197450449669,beta23,0.6881185798302626,2.1543399768339686
8.622197450449669,beta24,0,2.1543399768339686
8.622197450449669,beta25,0,2.1543399768339686
8.622197450449669,beta26,0.3215808739870763,2.1543399768339686
8.622197450449669,beta27,0,2.1543399768339686
8.622197450449669,beta28,0,2.1543399768339686
8.622197450449669,beta29,0.889774070028722,2.1543399768339686
8.622197450449669,beta30,0.17121418179640174,2.1543399768339686
8.622197450449669,beta31,0,2.1543399768339686
7.2052623819108135,beta1,-0.254612504311249,1.9748116454311377
7.2052623819108135,beta2,0,1.9748116454311377
7.2052623819108135,beta3,0.08796763919436516,1.9748116454311377
7.2052623819108135,beta4,0,1.9748116454311377
7.2052623819108135,beta5,0,1.9748116454311377
7.2052623819108135,beta6,0,1.9748116454311377
7.2052623819108135,beta7,0,1.9748116454311377
7.2052623819108135,beta8,0,1.9748116454311377
7.2052623819108135,beta9,0.5031091254927361,1.9748116454311377
7.2052623819108135,beta10,0,1.9748116454311377
7.2052623819108135,beta11,0,1.9748116454311377
7.2052623819108135,beta12,0.6255339695738572,1.9748116454311377
7.2052623819108135,beta13,0,1.9748116454311377
7.2052623819108135,beta14,0,1.9748116454311377
7.2052623819108135,beta15,0,1.9748116454311377
7.2052623819108135,beta16,0,1.9748116454311377
7.2052623819108135,beta17,0,1.9748116454311377
7.2052623819108135,beta18,0,1.9748116454311377
7.2052623819108135,beta19,0,1.9748116454311377
7.2052623819108135,beta20,0,1.9748116454311377
7.2052623819108135,beta21,0,1.9748116454311377
7.2052623819108135,beta22,2.4203646533448824,1.9748116454311377
7.2052623819108135,beta23,0.7122950166693041,1.9748116454311377
7.2052623819108135,beta24,0,1.9748116454311377
7.2052623819108135,beta25,0,1.9748116454311377
7.2052623819108135,beta26,0.3861329068370368,1.9748116454311377
7.2052623819108135,beta27,0,1.9748116454311377
7.2052623819108135,beta28,0,1.9748116454311377
7.2052623819108135,beta29,0.9302949004280305,1.9748116454311377
7.2052623819108135,beta30,0.20274843014245295,1.9748116454311377
7.2052623819108135,beta31,0,1.9748116454311377
6.021180365043898,beta1,-0.29856260343831464,1.7952833140283073
6.021180365043898,beta2,0,1.7952833140283073
6.021180365043898,beta3,0.139798169174227,1.7952833140283073
6.021180365043898,beta4,0,1.7952833140283073
6.021180365043898,beta5,0,1.7952833140283073
6.021180365043898,beta6,0,1.7952833140283073
6.021180365043898,beta7,0,1.7952833140283073
6.021180365043898,beta8,0,1.7952833140283073
6.021180365043898,beta9,0.6421502697948165,1.7952833140283073
6.021180365043898,beta10,0,1.7952833140283073
6.021180365043898,beta11,0,1.7952833140283073
6.021180365043898,beta12,0.676035371421251,1.7952833140283073
6.021180365043898,beta13,0,1.7952833140283073
6.021180365043898,beta14,0,1.7952833140283073
6.021180365043898,beta15,0,1.7952833140283073
6.021180365043898,beta16,0,1.7952833140283073
6.021180365043898,beta17,0,1.7952833140283073
6.021180365043898,beta18,0,1.7952833140283073
6.021180365043898,beta19,0,1.7952833140283073
6.021180365043898,beta20,0,1.7952833140283073
6.021180365043898,beta21,-0.01573703943894683,1.7952833140283073
6.021180365043898,beta22,2.514135587072867,1.7952833140283073
6.021180365043898,beta23,0.7449832015306908,1.7952833140283073
6.021180365043898,beta24,0,1.7952833140283073
6.021180365043898,beta25,0,1.7952833140283073
6.021180365043898,beta26,0.427927601916209,1.7952833140283073
6.021180365043898,beta27,0,1.7952833140283073
6.021180365043898,beta28,0,1.7952833140283073
6.021180365043898,beta29,0.9311841338539288,1.7952833140283073
6.021180365043898,beta30,0.22909994754748655,1.7952833140283073
6.021180365043898,beta31,0,1.7952833140283073
5.031685324799448,beta1,-0.308867490019822,1.6157549826254765
5.031685324799448,beta2,0,1.6157549826254765
5.031685324799448,beta3,0.1825683727657137,1.6157549826254765
5.031685324799448,beta4,0,1.6157549826254765
5.031685324799448,beta5,0,1.6157549826254765
5.031685324799448,beta6,0,1.6157549826254765
5.031685324799448,beta7,0,1.6157549826254765
5.031685324799448,beta8,0,1.6157549826254765
5.031685324799448,beta9,0.730787364081919,1.6157549826254765
5.031685324799448,beta10,0,1.6157549826254765
5.031685324799448,beta11,0,1.6157549826254765
5.031685324799448,beta12,0.7760511238058202,1.6157549826254765
5.031685324799448,beta13,0,1.6157549826254765
5.031685324799448,beta14,0,1.6157549826254765
5.031685324799448,beta15,0,1.6157549826254765
5.031685324799448,beta16,0,1.6157549826254765
5.031685324799448,beta17,0,1.6157549826254765
5.031685324799448,beta18,0,1.6157549826254765
5.031685324799448,beta19,0,1.6157549826254765
5.031685324799448,beta20,0,1.6157549826254765
5.031685324799448,beta21,-0.06036666622155106,1.6157549826254765
5.031685324799448,beta22,2.6406623069011927,1.6157549826254765
5.031685324799448,beta23,0.7754393363593464,1.6157549826254765
5.031685324799448,beta24,0,1.6157549826254765
5.031685324799448,beta25,0,1.6157549826254765
5.031685324799448,beta26,0.4761548404169253,1.6157549826254765
5.031685324799448,beta27,0,1.6157549826254765
5.031685324799448,beta28,0,1.6157549826254765
5.031685324799448,beta29,0.9463146614287746,1.6157549826254765
5.031685324799448,beta30,0.25747806697655873,1.6157549826254765
5.031685324799448,beta31,0,1.6157549826254765
4.204799669311607,beta1,-0.3063782967978983,1.4362266512226456
4.204799669311607,beta2,0,1.4362266512226456
4.204799669311607,beta3,0.22365781670077492,1.4362266512226456
4.204799669311607,beta4,0,1.4362266512226456
4.204799669311607,beta5,0,1.4362266512226456
4.204799669311607,beta6,0,1.4362266512226456
4.204799669311607,beta7,0,1.4362266512226456
4.204799669311607,beta8,0,1.4362266512226456
4.204799669311607,beta9,0.7981975163491586,1.4362266512226456
4.204799669311607,beta10,0,1.4362266512226456
4.204799669311607,beta11,0,1.4362266512226456
4.204799669311607,beta12,0.9091521093242803,1.4362266512226456
4.204799669311607,beta13,0,1.4362266512226456
4.204799669311607,beta14,0,1.4362266512226456
4.204799669311607,beta15,0,1.4362266512226456
4.204799669311607,beta16,0,1.4362266512226456
4.204799669311607,beta17,-0.012618477365491794,1.4362266512226456
4.204799669311607,beta18,0,1.4362266512226456
4.204799669311607,beta19,0,1.4362266512226456
4.204799669311607,beta20,0,1.4362266512226456
4.204799669311607,beta21,-0.10177970438993442,1.4362266512226456
4.204799669311607,beta22,2.775558138650376,1.4362266512226456
4.204799669311607,beta23,0.8069711186006839,1.4362266512226456
4.204799669311607,beta24,0.007538693275728144,1.4362266512226456
4.204799669311607,beta25,0,1.4362266512226456
4.204799669311607,beta26,0.5288455440373281,1.4362266512226456
4.204799669311607,beta27,0,1.4362266512226456
4.204799669311607,beta28,5.908644217536904e-4,1.4362266512226456
4.204799669311607,beta29,0.9771847842590698,1.4362266512226456
4.204799669311607,beta30,0.28649571918775346,1.4362266512226456
4.204799669311607,beta31,0,1.4362266512226456
3.513800867455421,beta1,-0.29605505439448937,1.2566983198198152
3.513800867455421,beta2,0,1.2566983198198152
3.513800867455421,beta3,0.26433350368392217,1.2566983198198152
3.513800867455421,beta4,0,1.2566983198198152
3.513800867455421,beta5,0,1.2566983198198152
3.513800867455421,beta6,0,1.2566983198198152
3.513800867455421,beta7,0,1.2566983198198152
3.513800867455421,beta8,0,1.2566983198198152
3.513800867455421,beta9,0.8461507844690292,1.2566983198198152
3.513800867455421,beta10,0,1.2566983198198152
3.513800867455421,beta11,0,1.2566983198198152
3.513800867455421,beta12,1.0544657675365559,1.2566983198198152
3.513800867455421,beta13,0,1.2566983198198152
3.513800867455421,beta14,0,1.2566983198198152
3.513800867455421,beta15,0,1.2566983198198152
3.513800867455421,beta16,0,1.2566983198198152
3.513800867455421,beta17,-0.03796656035606454,1.2566983198198152
3.513800867455421,beta18,0,1.2566983198198152
3.513800867455421,beta19,0,1.2566983198198152
3.513800867455421,beta20,0,1.2566983198198152
3.513800867455421,beta21,-0.13496832699047284,1.2566983198198152
3.513800867455421,beta22,2.917500113191111,1.2566983198198152
3.513800867455421,beta23,0.8389896280501196,1.2566983198198152
3.513800867455421,beta24,0.02503802443342109,1.2566983198198152
3.513800867455421,beta25,0,1.2566983198198152
3.513800867455421,beta26,0.584295113832846,1.2566983198198152
3.513800867455421,beta27,0,1.2566983198198152
3.513800867455421,beta28,0.029159371137981602,1.2566983198198152
3.513800867455421,beta29,0.9964853747127321,1.2566983198198152
3.513800867455421,beta30,0.31307476418789276,1.2566983198198152
3.513800867455421,beta31,0,1.2566983198198152
2.936357854630404,beta1,-0.2834349061700237,1.0771699884169843
2.936357854630404,beta2,0,1.0771699884169843
2.936357854630404,beta3,0.3025101963913706,1.0771699884169843
2.936357854630404,beta4,0,1.0771699884169843
2.936357854630404,beta5,0,1.0771699884169843
2.936357854630404,beta6,0,1.0771699884169843
2.936357854630404,beta7,0,1.0771699884169843
2.936357854630404,beta8,0,1.0771699884169843
2.936357854630404,beta9,0.8798593203433601,1.0771699884169843
2.936357854630404,beta10,0,1.0771699884169843
2.936357854630404,beta11,0,1.0771699884169843
2.936357854630404,beta12,1.2017101722781711,1.0771699884169843
2.936357854630404,beta13,0,1.0771699884169843
2.936357854630404,beta14,0,1.0771699884169843
2.936357854630404,beta15,0,1.0771699884169843
2.936357854630404,beta16,0,1.0771699884169843
2.936357854630404,beta17,-0.07769867380035536,1.0771699884169843
2.936357854630404,beta18,0,1.0771699884169843
2.936357854630404,beta19,0,1.0771699884169843
2.936357854630404,beta20,0,1.0771699884169843
2.936357854630404,beta21,-0.16014739948948728,1.0771699884169843
2.936357854630404,beta22,3.065923640552081,1.0771699884169843
2.936357854630404,beta23,0.8708460864354948,1.0771699884169843
2.936357854630404,beta24,0.050725402473765294,1.0771699884169843
2.936357854630404,beta25,0.004716600187547412,1.0771699884169843
2.936357854630404,beta26,0.6414024401876545,1.0771699884169843
2.936357854630404,beta27,0,1.0771699884169843
2.936357854630404,beta28,0.07613988708387598,1.0771699884169843
2.936357854630404,beta29,1.0125792012346324,1.0771699884169843
2.936357854630404,beta30,0.33698820979386773,1.0771699884169843
2.936357854630404,beta31,0,1.0771699884169843
2.4538093579257327,beta1,-0.26919905954942813,0.8976416570141535
2.4538093579257327,beta2,0,0.8976416570141535
2.4538093579257327,beta3,0.3399698234286531,0.8976416570141535
2.4538093579257327,beta4,0,0.8976416570141535
2.4538093579257327,beta5,0,0.8976416570141535
2.4538093579257327,beta6,0,0.8976416570141535
2.4538093579257327,beta7,0,0.8976416570141535
2.4538093579257327,beta8,0,0.8976416570141535
2.4538093579257327,beta9,0.9060629648053502,0.8976416570141535
2.4538093579257327,beta10,0,0.8976416570141535
2.4538093579257327,beta11,0,0.8976416570141535
2.4538093579257327,beta12,1.3484233977482922,0.8976416570141535
2.4538093579257327,beta13,-0.012154589279418614,0.8976416570141535
2.4538093579257327,beta14,0,0.8976416570141535
2.4538093579257327,beta15,0,0.8976416570141535
2.4538093579257327,beta16,0,0.8976416570141535
2.4538093579257327,beta17,-0.12713128710505994,0.8976416570141535
2.4538093579257327,beta18,0,0.8976416570141535
2.4538093579257327,beta19,0,0.8976416570141535
2.4538093579257327,beta20,0,0.8976416570141535
2.4538093579257327,beta21,-0.1766322366091082,0.8976416570141535
2.4538093579257327,beta22,3.2032415818607975,0.8976416570141535
2.4538093579257327,beta23,0.9076625329637702,0.8976416570141535
2.4538093579257327,beta24,0.08258408558721082,0.8976416570141535
2.4538093579257327,beta25,0.021354824791432185,0.8976416570141535
2.4538093579257327,beta26,0.695399323445283,0.8976416570141535
2.4538093579257327,beta27,0,0.8976416570141535
2.4538093579257327,beta28,0.13041993974162225,0.8976416570141535
2.4538093579257327,beta29,1.029267491510308,0.8976416570141535
2.4538093579257327,beta30,0.35780179063582224,0.8976416570141535
2.4538093579257327,beta31,0,0.8976416570141535
2.050560818242562,beta1,-0.2547286788327346,0.7181133256113226
2.050560818242562,beta2,0,0.7181133256113226
2.050560818242562,beta3,0.376833324395026,0.7181133256113226
2.050560818242562,beta4,0,0.7181133256113226
2.050560818242562,beta5,0,0.7181133256113226
2.050560818242562,beta6,0,0.7181133256113226
2.050560818242562,beta7,0,0.7181133256113226
2.050560818242562,beta8,0,0.7181133256113226
2.050560818242562,beta9,0.9329274045238084,0.7181133256113226
2.050560818242562,beta10,0,0.7181133256113226
2.050560818242562,beta11,0,0.7181133256113226
2.050560818242562,beta12,1.497376371792127,0.7181133256113226
2.050560818242562,beta13,-0.038368525545053093,0.7181133256113226
2.050560818242562,beta14,0,0.7181133256113226
2.050560818242562,beta15,0,0.7181133256113226
2.050560818242562,beta16,0,0.7181133256113226
2.050560818242562,beta17,-0.18443630206883135,0.7181133256113226
2.050560818242562,beta18,0,0.7181133256113226
2.050560818242562,beta19,0,0.7181133256113226
2.050560818242562,beta20,0,0.7181133256113226
2.050560818242562,beta21,-0.18475652996951575,0.7181133256113226
2.050560818242562,beta22,3.3153066786276626,0.7181133256113226
2.050560818242562,beta23,0.9519282799500437,0.7181133256113226
2.050560818242562,beta24,0.12002594416818368,0.7181133256113226
2.050560818242562,beta25,0.0522984907197025,0.7181133256113226
2.050560818242562,beta26,0.7455096612100578,0.7181133256113226
2.050560818242562,beta27,0,0.7181133256113226
2.050560818242562,beta28,0.18664739027760976,0.7181133256113226
2.050560818242562,beta29,1.0483124584117813,0.7181133256113226
2.050560818242562,beta30,0.3759313460539813,0.7181133256113226
2.050560818242562,beta31,0,0.7181133256113226
1.7135804196565743,beta1,-0.23951812146899507,0.5385849942084917
1.7135804196565743,beta2,0,0.5385849942084917
1.7135804196565743,beta3,0.4119329141606277,0.5385849942084917
1.7135804196565743,beta4,0,0.5385849942084917
1.7135804196565743,beta5,0,0.5385849942084917
1.7135804196565743,beta6,0,0.5385849942084917
1.7135804196565743,beta7,0,0.5385849942084917
1.7135804196565743,beta8,0,0.5385849942084917
1.7135804196565743,beta9,0.9644983830571827,0.5385849942084917
1.7135804196565743,beta10,0,0.5385849942084917
1.7135804196565743,beta11,0,0.5385849942084917
1.7135804196565743,beta12,1.6503182023146856,0.5385849942084917
1.7135804196565743,beta13,-0.07143683973577315,0.5385849942084917
1.7135804196565743,beta14,0,0.5385849942084917
1.7135804196565743,beta15,0,0.5385849942084917
1.7135804196565743,beta16,0,0.5385849942084917
1.7135804196565743,beta17,-0.2493384617208149,0.5385849942084917
1.7135804196565743,beta18,0,0.5385849942084917
1.7135804196565743,beta19,0,0.5385849942084917
1.7135804196565743,beta20,0,0.5385849942084917
1.7135804196565743,beta21,-0.18616066514127264,0.5385849942084917
1.7135804196565743,beta22,3.4031678929200697,0.5385849942084917
1.7135804196565743,beta23,1.0022874659893175,0.5385849942084917
1.7135804196565743,beta24,0.16297129774092467,0.5385849942084917
1.7135804196565743,beta25,0.09609721460871355,0.5385849942084917
1.7135804196565743,beta26,0.793178048382479,0.5385849942084917
1.7135804196565743,beta27,0,0.5385849942084917
1.7135804196565743,beta28,0.2441463201880235,0.5385849942084917
1.7135804196565743,beta29,1.070921141393551,0.5385849942084917
1.7135804196565743,beta30,0.3926427484708485,0.5385849942084917
1.7135804196565743,beta31,0,0.5385849942084917
1.4319779391605725,beta1,-0.22204981273674493,0.35905666280566084
1.4319779391605725,beta2,0,0.35905666280566084
1.4319779391605725,beta3,0.4442338068137559,0.35905666280566084
1.4319779391605725,beta4,0,0.35905666280566084
1.4319779391605725,beta5,0,0.35905666280566084
1.4319779391605725,beta6,0,0.35905666280566084
1.4319779391605725,beta7,0,0.35905666280566084
1.4319779391605725,beta8,0.005363484442751882,0.35905666280566084
1.4319779391605725,beta9,0.9948243407812212,0.35905666280566084
1.4319779391605725,beta10,0,0.35905666280566084
1.4319779391605725,beta11,0,0.35905666280566084
1.4319779391605725,beta12,1.806050435314893,0.35905666280566084
1.4319779391605725,beta13,-0.10863408035363782,0.35905666280566084
1.4319779391605725,beta14,0,0.35905666280566084
1.4319779391605725,beta15,2.0289895845364414e-4,0.35905666280566084
1.4319779391605725,beta16,0,0.35905666280566084
1.4319779391605725,beta17,-0.3208758607307744,0.35905666280566084
1.4319779391605725,beta18,0,0.35905666280566084
1.4319779391605725,beta19,0,0.35905666280566084
1.4319779391605725,beta20,0,0.35905666280566084
1.4319779391605725,beta21,-0.1823880274594597,0.35905666280566084
1.4319779391605725,beta22,3.471759008418947,0.35905666280566084
1.4319779391605725,beta23,1.0577418570599186,0.35905666280566084
1.4319779391605725,beta24,0.21048368001743922,0.35905666280566084
1.4319779391605725,beta25,0.152728834558941,0.35905666280566084
1.4319779391605725,beta26,0.8381948447910367,0.35905666280566084
1.4319779391605725,beta27,0,0.35905666280566084
1.4319779391605725,beta28,0.30062522891641374,0.35905666280566084
1.4319779391605725,beta29,1.0983523842653033,0.35905666280566084
1.4319779391605725,beta30,0.4084552789091438,0.35905666280566084
1.4319779391605725,beta31,0,0.35905666280566084
1.1966528064399355,beta1,-0.20160831798420192,0.1795283314028309
1.1966528064399355,beta2,0,0.1795283314028309
1.1966528064399355,beta3,0.47331096470961137,0.1795283314028309
1.1966528064399355,beta4,0,0.1795283314028309
1.1966528064399355,beta5,0,0.1795283314028309
1.1966528064399355,beta6,0,0.1795283314028309
1.1966528064399355,beta7,-0.0144797034311731,0.1795283314028309
1.1966528064399355,beta8,0.03278630851147572,0.1795283314028309
1.1966528064399355,beta9,1.0233898965507764,0.1795283314028309
1.1966528064399355,beta10,0,0.1795283314028309
1.1966528064399355,beta11,-0.007480289179790895,0.1795283314028309
1.1966528064399355,beta12,1.9598899268264014,0.1795283314028309
1.1966528064399355,beta13,-0.14786086466029727,0.1795283314028309
1.1966528064399355,beta14,0,0.1795283314028309
1.1966528064399355,beta15,0.01428980299302477,0.1795283314028309
1.1966528064399355,beta16,0,0.1795283314028309
1.1966528064399355,beta17,-0.3936087354536146,0.1795283314028309
1.1966528064399355,beta18,0,0.1795283314028309
1.1966528064399355,beta19,0,0.1795283314028309
1.1966528064399355,beta20,0,0.1795283314028309
1.1966528064399355,beta21,-0.17530895029665172,0.1795283314028309
1.1966528064399355,beta22,3.507816379091442,0.1795283314028309
1.1966528064399355,beta23,1.1152379568106676,0.1795283314028309
1.1966528064399355,beta24,0.26059840771704124,0.1795283314028309
1.1966528064399355,beta25,0.21685734890769748,0.1795283314028309
1.1966528064399355,beta26,0.8843988890440471,0.1795283314028309
1.1966528064399355,beta27,0,0.1795283314028309
1.1966528064399355,beta28,0.35583477271854325,0.1795283314028309
1.1966528064399355,beta29,1.1350879928206419,0.1795283314028309
1.1966528064399355,beta30,0.425450080749412,0.1795283314028309
1.1966528064399355,beta31,0,0.1795283314028309
1,beta1,-0.17657319060224372,0
1,beta2,0,0
1,beta3,0.4986126848591301,0
1,beta4,0,0
1,beta5,0,0
1,beta6,0,0
1,beta7,-0.06825893058486565,0
1,beta8,0.09758595995215155,0
1,beta9,1.059491386030084,0
1,beta10,0,0
1,beta11,-0.018332172960678312,0
1,beta12,2.104370047440601,0
1,beta13,-0.1899703619597566,0
1,beta14,0,0
1,beta15,0.04037253497769943,0
1,beta16,0,0
1,beta17,-0.4640388247208948,0
1,beta18,0,0
1,beta19,0.005849594335303578,0
1,beta20,0,0
1,beta21,-0.17164253333622856,0
1,beta22,3.516017987789234,0
1,beta23,1.1750433684608672,0
1,beta24,0.31228052926912103,0
1,beta25,0.28577320959455543,0
1,beta26,0.9292038220777453,0
1,beta27,0,0
1,beta28,0.40514483970755405,0
1,beta29,1.1829240732134345,0
1,beta30,0.4462176458259034,0
1,beta31,0,0
